{
    "dji fc7703 4000 2250 brown 0.6666": {
        "projection_type": "brown",
        "width": 4000,
        "height": 2250,
        "focal_x": 0.6666192158875098,
        "focal_y": 0.6666192158875098,
        "c_x": -3.4335476628230674e-05,
        "c_y": 3.187144532652636e-05,
        "k1": -0.0032568468337413658,
        "k2": -0.0016453109013121973,
        "p1": -0.000613049679619921,
        "p2": 0.000413844407992654,
        "k3": 0.0002920389512393992
    }
}